{
    "id": "58A3B4D1-2FD5-4B8D-8338-FC80C891A7C1",
    "thumb": "RabbitIcon.png",
    "mask": "Rabbit.scn",
    "textures": [
        {
            "diffuse": {
                "contents": "RabbitColor1.png",
                "intensity": 1.0
            },
            "normal": {
                "contents": "Rabbit.jp2",
                "intensity": 1.0
            },
            "metalness": {
                "contents": "RabbitMetallic.png",
                "intensity": 1.0
            },
            "roughness": {
                "contents": "RabbitRoughness.jpg",
                "intensity": 0.3
            }
        },
        {
            "diffuse": {
                "contents": "RabbitColor2.png",
                "intensity": 1.0
            },
            "metalness": {
                "intensity": 1.0
            },
            "roughness": {
                "intensity": 0.3
            }
        },
        {
            "diffuse": {
                "contents": "RabbitColor3.png",
                "intensity": 1.0
            },
            "normal": {
                "contents": "Rabbit.jp2",
                "intensity": 1.0
            },
            "metalness": {
                "contents": "RabbitMetallic.png",
                "intensity": 1.0
            },
            "roughness": {
                "contents": "RabbitRoughness.jpg",
                "intensity": 0.3
            }
        },
        {
            "diffuse": {
                "contents": "RabbitColor4.png",
                "intensity": 1.0
            },
            "metalness": {
                "intensity": 1.0
            },
            "roughness": {
                "intensity": 0.3
            }
        }
    ],
    "isOccluded": false
}
